{
    "data": [{
        "screenConfiguration": {
            "code": "ServiceCall",
            "schemaVersion": 1,
            "inactive": false,
            "configuration": {
                "fieldsConfiguration": {
                    "fields": [{
                        "name": "general.objectBlockedMessage",
                        "description": "Object blocked",
                        "property": "objectBlockedMessage",
                        "entity": "SERVICECALL"
                    }, {
                        "name": "relation.erpErrors",
                        "description": "Erp Errors",
                        "property": "erpErrors",
                        "entity": "SERVICECALL"
                    }, {
                        "name": "serviceCall.externalId",
                        "description": "External Id",
                        "visibleExpression": "${serviceCall.origin.code} === -1",
                        "defaultValue": "123",
                        "property": "externalId",
                        "entity": "serviceCall"
                    }, {
                        "name": "serviceCall.code",
                        "description": "Code",
                        "property": "code",
                        "entity": "serviceCall"
                    }, {
                        "name": "serviceCall.businessPartner",
                        "description": "Business Partner",
                        "property": "businessPartner",
                        "entity": "serviceCall"
                    }, {
                        "name": "serviceCall.contact",
                        "description": "Contact",
                        "property": "contact",
                        "entity": "serviceCall"
                    }, {
                        "name": "serviceCall.subject",
                        "description": "Subject",
                        "property": "subject",
                        "entity": "serviceCall"
                    }, {
                        "name": "serviceCall.orderReference",
                        "description": "Order Reference",
                        "property": "orderReference",
                        "entity": "serviceCall"
                    }, {
                        "name": "serviceCall.status",
                        "description": "Status",
                        "property": "status",
                        "entity": "serviceCall"
                    }, {
                        "name": "serviceCall.priority",
                        "description": "Priority",
                        "property": "priority",
                        "entity": "serviceCall"
                    }, {
                        "name": "serviceCall.responsible",
                        "description": "Responsible",
                        "property": "responsible",
                        "entity": "serviceCall"
                    }, {
                        "name": "serviceCall.equipments",
                        "description": "Equipments",
                        "property": "equipments",
                        "entity": "serviceCall"
                    }, {
                        "name": "serviceCall.origin",
                        "description": "Origin",
                        "defaultValueExpression": "\"-1\"",
                        "property": "origin",
                        "entity": "serviceCall"
                    }, {
                        "name": "serviceCall.problemType",
                        "description": "Problem Type",
                        "property": "problemType",
                        "entity": "serviceCall"
                    }, {
                        "name": "serviceCall.type",
                        "description": "Type",
                        "property": "type",
                        "entity": "serviceCall"
                    }, {
                        "name": "serviceCall.remarks",
                        "description": "Remarks",
                        "property": "remarks",
                        "entity": "serviceCall"
                    }, {
                        "name": "serviceCall.resolution",
                        "description": "Resolution",
                        "property": "resolution",
                        "entity": "serviceCall"
                    }, {
                        "name": "serviceCall.dueDateTime",
                        "description": "Due Date Time",
                        "property": "dueDateTime",
                        "entity": "serviceCall"
                    }, {
                        "name": "serviceCall.startDateTime",
                        "description": "Start Date Time",
                        "property": "startDateTime",
                        "entity": "serviceCall"
                    }, {
                        "name": "serviceCall.endDateTime",
                        "description": "End Date Time",
                        "property": "endDateTime",
                        "entity": "serviceCall"
                    }, {
                        "name": "relation.signature",
                        "description": "Signature",
                        "property": "signature",
                        "entity": "SERVICECALL"
                    }, {
                        "name": "relation.assignments",
                        "description": "Assignments",
                        "property": "assignments",
                        "entity": "SERVICECALL"
                    }, {
                        "name": "relation.activities",
                        "description": "Activities",
                        "property": "activities",
                        "entity": "SERVICECALL"
                    }, {
                        "name": "relation.efforts",
                        "description": "Efforts",
                        "property": "efforts",
                        "entity": "SERVICECALL"
                    }, {
                        "name": "relation.expenses",
                        "description": "Expenses",
                        "property": "expenses",
                        "entity": "SERVICECALL"
                    }, {
                        "name": "relation.materials",
                        "description": "Materials",
                        "property": "materials",
                        "entity": "SERVICECALL"
                    }, {
                        "name": "relation.mileages",
                        "description": "Mileages",
                        "property": "mileages",
                        "entity": "SERVICECALL"
                    }, {
                        "name": "relation.checklists",
                        "description": "Checklists",
                        "property": "checklists",
                        "entity": "SERVICECALL"
                    }, {
                        "name": "relation.attachments",
                        "description": "Attachments",
                        "property": "attachments",
                        "entity": "SERVICECALL"
                    }]
                },
                "actionsConfiguration": {
                    "actions": [{
                        "name": "action.edit"
                    }, {
                        "name": "action.printAndSend"
                    }, {
                        "name": "action.slackChat"
                    }, {
                        "name": "action.delete"
                    }, {
                        "name": "action.createActivity"
                    }, {
                        "name": "action.createAssignment"
                    }, {
                        "name": "action.createEffort"
                    }, {
                        "name": "action.createExpense"
                    }, {
                        "name": "action.createMaterial"
                    }, {
                        "name": "action.createMileage"
                    }, {
                        "name": "action.createChecklist"
                    }, {
                        "name": "action.createSignature"
                    }]
                },
                "layout": {
                    "groups": [{
                        "title": "",
                        "fields": ["general.objectBlockedMessage"]
                    }, {
                        "fields": ["relation.erpErrors"]
                    }, {
                        "title": "",
                        "fields": ["serviceCall.externalId", "serviceCall.code", "serviceCall.businessPartner", "serviceCall.contact", "serviceCall.subject", "serviceCall.orderReference"]
                    }, {
                        "title": "",
                        "fields": ["serviceCall.status", "serviceCall.priority", "serviceCall.responsible"]
                    }, {
                        "title": "",
                        "fields": ["serviceCall.equipments"]
                    }, {
                        "title": "",
                        "fields": ["serviceCall.origin", "serviceCall.problemType", "serviceCall.type", "serviceCall.remarks"]
                    }, {
                        "title": "",
                        "fields": ["serviceCall.resolution", "serviceCall.dueDateTime", "serviceCall.startDateTime", "serviceCall.endDateTime"]
                    }, {
                        "fields": ["relation.signature"]
                    }, {
                        "fields": ["relation.assignments"]
                    }, {
                        "fields": ["relation.activities", "relation.efforts", "relation.expenses", "relation.materials", "relation.mileages"]
                    }, {
                        "fields": ["relation.checklists"]
                    }, {
                        "fields": ["relation.attachments"]
                    }],
                    "actionGroups": [{
                        "groupId": "actions",
                        "fields": ["action.edit", "action.printAndSend", "action.slackChat", "action.delete"]
                    }, {
                        "groupId": "creatables",
                        "fields": ["action.createActivity", "action.createAssignment", "action.createEffort", "action.createExpense", "action.createMaterial", "action.createMileage", "action.createChecklist", "action.createSignature"]
                    }]
                },
                "metadata": {
                    "platforms": ["MOBILE_GENERIC"]
                }
            },
            "lastChanged": 1585033141315,
            "name": "Service Call Mobile",
            "description": "Screen for Service Call Details on Mobile Apps (iOS / Android / Windows)",
            "id": "A42F66F50B734AF39EB521D87A7B7D6F",
            "embedded": false,
            "objectType": "SERVICECALL"
        }
    }],
    "pageSize": 10000,
    "currentPage": 0,
    "lastPage": 0,
    "totalObjectCount": 1,
    "truncated": false
}