{

    "navigationList":[
        {
            "id":"SystemConfigureResource",
            "icon":"ion-settings",
            "subNavigationList":[

                {
                    "id":"SystemExecutorSetting",
                    "resourceId":"LogonUser",
                    "url":"SystemExecutorSettingList.html"
                },
                {
                    "id":"SearchProxyConfig",
                    "resourceId":"SearchProxyConfig",
                    "url":"SearchProxyConfigList.html"
                },
                {
                    "id":"ServiceDocConfigure",
                    "resourceId":"SystemConfigureResource",
                    "url":"ServiceDocConfigureList.html"
                },
                {
                    "id":"ServiceDocConsumerUnion",
                    "resourceId":"SystemConfigureResource",
                    "url":"ServiceDocConsumerUnionList.html"
                }
            ]
        },
        {
            "id": "ServiceDocumentSetting",
            "icon": "ion-merge",
            "subNavigationList": [
                {
                    "id": "ServiceExtensionSetting",
                    "resourceId": "SystemConfigureResource",
                    "url": "ServiceExtensionSettingList.html"
                },
                {
                    "id":"CalendarTemplate",
                    "resourceId":"CalendarTemplate",
                    "url":"CalendarTemplateList.html"
                }
            ]
        }
     ]
}
