{

    "navigationList":[
        {
            "id":"SupplyChainCockpit",
            "icon":"nmd nmd-developer-board",
            "subNavigationList":[
                {
                    "id":"SupplyChainCockpit",
                    "url":"SupplyChainCockpit.html"
                }
            ]
        },
        {
            "id":"Material",
            "icon":"md md-texture",
            "subNavigationList":[
                {
                    "id":"Material",
                    "resourceId":"Material",
                    "url":"MaterialList.html"
                },
                {
                    "id":"MaterialStockKeepUnit",
                    "resourceId":"Material",
                    "url":"MaterialStockKeepUnitList.html"
                },
                {
                    "id":"RegisteredProduct",
                    "resourceId":"RegisteredProduct",
                    "url":"RegisteredProductList.html"
                }
            ]
        },
        {
            "id":"CorporateSupplier",
            "icon":"nmd nmd-card-travel",
            "subNavigationList":[
                {
                    "id":"CorporateCustomer",
                    "resourceId":"CorporateCustomer",
                    "url":"CorporateCustomerList.html"
                },
                {
                    "id":"CorporateSupplier",
                    "resourceId":"CorporateCustomer",
                    "url":"CorporateSupplierList.html"
                },
                {
                    "id":"IndividualCustomer",
                    "resourceId":"IndividualCustomer",
                    "url":"IndividualCustomerList.html"
                }
            ]
        },
        {
            "id": "PurchaseRequest",
            "icon": "md md-add-shopping-cart",
            "subNavigationList": [
                {
                    "id":"PurchaseRequest",
                    "resourceId":"PurchaseRequest",
                    "url":"PurchaseRequestList.html"
                },
                {
                    "id":"PurchaseRequestMaterialItem",
                    "resourceId":"PurchaseRequest",
                    "url":"PurchaseRequestMaterialItemList.html"
                }
            ]
        },
        {
            "id":"PurchaseContract",
            "icon":"nmd nmd-shopping-cart",
            "subNavigationList":[
                {
                    "id":"Inquiry",
                    "resourceId":"Inquiry",
                    "url":"InquiryList.html"
                },
                {
                    "id":"InquiryMaterialItem",
                    "resourceId":"Inquiry",
                    "url":"InquiryMaterialItemList.html"
                },

                {
                    "id":"PurchaseContract",
                    "resourceId":"PurchaseContract",
                    "url":"PurchaseContractList.html"
                },
                {
                    "id":"PurchaseContractMaterialItem",
                    "resourceId":"PurchaseContract",
                    "url":"PurchaseContractMaterialItemList.html"
                },
                {
                    "id":"PurchaseReturnOrder",
                    "resourceId":"PurchaseContract",
                    "url":"PurchaseReturnOrderList.html"
                },
                {
                    "id":"PurchaseReturnMaterialItem",
                    "resourceId":"PurchaseContract",
                    "url":"PurchaseReturnMaterialItemList.html"
                }
            ]
        },
        {
            "id":"SalesContract",
            "icon":"md md-assignment",
            "subNavigationList":[
                {
                    "id":"SalesContract",
                    "resourceId":"SalesContract",
                    "url":"SalesContractList.html"
                },
                {
                    "id":"SalesContractMaterialItem",
                    "resourceId":"SalesContract",
                    "url":"SalesContractMaterialItemList.html"
                },
                {
                    "id":"SalesReturnOrder",
                    "resourceId":"SalesReturnOrder",
                    "url":"SalesReturnOrderList.html"
                },
                {
                    "id":"SalesReturnMaterialItem",
                    "resourceId":"SalesReturnOrder",
                    "url":"SalesReturnMaterialItemList.html"
                },
                {
                    "id":"SalesForcast",
                    "resourceId":"SalesForcast",
                    "url":"SalesForcastList.html"
                },
                {
                    "id":"SalesForcastMaterialItem",
                    "resourceId":"SalesForcast",
                    "url":"SalesForcastMaterialItemList.html"
                }
            ]
        },
        {
            "id":"BidInvitationOrderManage",
            "icon":"nmd nmd-gavel",
            "subNavigationList":[
                {
                    "id":"BidInvitationOrder",
                    "resourceId":"BidInvitationOrder",
                    "url":"BidInvitationOrderList.html"
                },
                {
                    "id":"BidMaterialItem",
                    "resourceId":"BidInvitationOrder",
                    "url":"BidMaterialItemList.html"
                }
            ]
        },
        {
            "id": "WarehouseManagement",
            "icon": "md md-now-widgets",
            "subNavigationList": [
                {
                    "id":"WarehouseStore",
                    "resourceId":"WarehouseStoreItem",
                    "url":"WarehouseStoreList.html"
                },
                {
                    "id": "WarehouseStoreItem",
                    "resourceId": "WarehouseStoreItem",
                    "url": "WarehouseStoreItemList.html"
                },
                {
                    "id":"InventoryCheckOrder",
                    "resourceId":"InventoryCheckOrder",
                    "url":"InventoryCheckOrderList.html"
                },
                {
                    "id":"InventoryTransferOrder",
                    "resourceId":"InventoryTransferOrder",
                    "url":"InventoryTransferOrderList.html"
                },
                {
                    "id":"InventoryTransferItem",
                    "resourceId":"InventoryTransferOrder",
                    "url":"InventoryTransferItemList.html"
                },
                {
                    "id":"WasteProcessOrder",
                    "resourceId":"WasteProcessOrder",
                    "url":"WasteProcessOrderList.html"
                }
            ]
        },
        {
            "id":"InboundOutbound",
            "icon":"md md-import-export",
            "subNavigationList":[
                {
                    "id":"QualityInspectOrderInbound",
                    "resourceId":"QualityInspectOrder",
                    "url":"QualityInspectOrderInboundList.html"
                },
                {
                    "id":"InboundDelivery",
                    "resourceId":"InboundDelivery",
                    "url":"InboundDeliveryList.html"
                },
                {
                    "id":"InboundItem",
                    "resourceId":"InboundDelivery",
                    "url":"InboundItemList.html"
                },
                {
                    "id":"OutboundDelivery",
                    "resourceId":"OutboundDelivery",
                    "url":"OutboundDeliveryList.html"
                },
                {
                    "id":"OutboundItem",
                    "resourceId":"OutboundDelivery",
                    "url":"OutboundItemList.html"
                }
            ]
        }
    ]
}
