{
    "navigationList":[
        {
            "id":"logistics",
            "idTitle": "logisticsTitle",
            "defaultUrl":"SupplyChainCockpit.html",
            "backgroundClass": "background-green",
            "iconClass": "nmd nmd-add-shopping-cart",
            "url":"navigationLogistics.json"
        },
        {
            "id":"systemAdmin",
            "idTitle": "systemAdminTitle",
            "defaultUrl":"LogonUserList.html",
            "url":"navigationSystemAdmin.json",
            "backgroundClass": "background-darkblue2",
            "iconClass": "fa fa-gear content-white",
            "resourceId":"LogonUser"
        },
        {
            "id":"production",
            "idTitle": "productionTitle",
            "defaultUrl":"ProductionCockpit.html",
            "backgroundClass": "background-blue",
            "iconClass": " ion-wrench  ",
            "url":"navigationProduction.json"
        }

    ]
}
