{
    "navigationList":[
        {
            "id":"systemAdmin",
            "icon":"ion-wrench",
            "subNavigationList":[
                {
                    "id":"role",
                    "resourceId":"Role",
                    "url":"RoleList.html"
                },
                {
                    "id":"logonUser",
                    "resourceId":"LogonUser",
                    "url":"LogonUserList.html"
                }
            ]
        },
        {
            "id":"ion-medkit",
            "icon":"ion-wrench",
            "url":"LogonUserList.html"
        },
        {
            "id":"MapConfigureModel",
            "icon":"ion-ipad",
            "subNavigationList":[
                {
                    "id":"MapConfigureModel",
                    "url":"MapConfigureList.html",
                    "msgNumSuccess":6
                },
                {
                    "id":"HtmlPageConfigure",
                    "url":"components-carousel.html"
                }
            ]
        },
        {
            "id":"ServiceSpinner",
            "icon":"ion-network",
            "subNavigationList":[
                {
                    "id":"ServiceDocConfigure",
                    "url":"ServiceDocConfigureList.html"
                },
                {
                    "id":"ServiceDocConsumerUnion",
                    "url":"ServiceDocConsumerUnionList.html"
                },
                {
                    "id":"ServiceDocConfigure",
                    "url":"icons-materialdesign.html"
                }
            ]
        },
        {
            "id":"FinanceResource",
            "icon":"ion-card",
            "url":"index2.html"
        },
        {
            "id":"reportTemplate",
            "icon":"ion-connection-bars",
            "url":"index2.html"
        }
    ]
}
