{

    "navigationList":[
        {
            "id":"ProductionCockpit",
            "icon":"nmd nmd-developer-board",
            "subNavigationList":[
                {
                    "id":"ProductionCockpit",
                    "url":"ProductionCockpit.html"
                }
            ]
        },
        {
            "id":"ProductionConfigure",
            "icon":"fa fa-gears",
            "subNavigationList":[
                {
                    "id":"BillOfMaterialTemplate",
                    "resourceId":"BillOfMaterialTemplate",
                    "url":"BillOfMaterialTemplateList.html"
                },
                {
                    "id":"BillOfMaterialOrder",
                    "resourceId":"BillOfMaterialOrder",
                    "url":"BillOfMaterialOrderList.html"
                },
                {
                    "id":"ProdWorkCenter",
                    "resourceId":"ProdWorkCenter",
                    "url":"ProdWorkCenterList.html"
                }
            ]
        },
        {
            "id":"ProductionPlanManage",
            "icon":"md md-event-available",
            "subNavigationList":[
                {
                    "id":"ProductionPlan",
                    "resourceId":"ProductionPlan",
                    "url":"ProductionPlanList.html"
                }
            ]
        },
        {
            "id":"ProductionProcess",
            "icon":"ion-wrench",
            "subNavigationList":[
                {
                    "id":"ProductionOrderSwimChart",
                    "resourceId":"ProductionOrder",
                    "url":"ProductionOrderSwimChart.html"
                },
                {
                    "id":"ProductionOrder",
                    "resourceId":"ProductionOrder",
                    "url":"ProductionOrderList.html"
                },
                {
                    "id":"ProdOrderTargetMatItem",
                    "resourceId":"ProductionOrder",
                    "url":"ProdOrderTargetMatItemList.html"
                },
                {
                    "id":"RepairProdOrder",
                    "resourceId":"RepairProdOrder",
                    "url":"RepairProdOrderList.html"
                },
                {
                    "id":"QualityInspectOrderProd",
                    "resourceId":"QualityInspectOrder",
                    "url":"QualityInspectOrderProductionList.html"
                }
            ]
        },
        {
            "id":"ProdPickingOrderManage",
            "icon":"ion-clipboard",
            "subNavigationList":[
                {
                    "id":"ProdPickingOrder",
                    "resourceId":"ProdPickingOrder",
                    "url":"ProdPickingOrderList.html"
                },
                {
                    "id":"ProdReturnOrder",
                    "resourceId":"ProdPickingOrder",
                    "url":"ProdReturnOrderList.html"
                }
            ]
        }

    ]
}
