{

    "navigationList":[

        {
            "id":"Material",
            "icon":"ion-social-buffer",
            "subNavigationList":[
                {
                    "id":"Material",
                    "resourceId":"Material",
                    "url":"MaterialList.html"
                },
                {
                    "id":"MaterialStockKeepUnit",
                    "resourceId":"Material",
                    "url":"MaterialStockKeepUnitList.html"
                }
            ]
        },
        {
            "id":"CorporateSupplier",
            "icon":"ion-ios7-briefcase",
            "subNavigationList":[
                {
                    "id":"CorporateCustomer",
                    "resourceId":"CorporateCustomer",
                    "url":"CorporateCustomerList.html"
                },
                {
                    "id":"CorporateSupplier",
                    "resourceId":"CorporateCustomer",
                    "url":"CorporateSupplierList.html"
                },
                {
                    "id":"IndividualCustomer",
                    "resourceId":"IndividualCustomer",
                    "url":"IndividualCustomerList.html"
                }
            ]
        },

        {
            "id":"BidInvitationOrderManage",
            "icon":"ion-android-checkmark",
            "subNavigationList":[
                {
                    "id":"BidInvitationOrder",
                    "resourceId":"BidInvitationOrder",
                    "url":"BidInvitationOrderList.html"
                },
                {
                    "id":"BidMaterialItem",
                    "resourceId":"BidInvitationOrder",
                    "url":"BidMaterialItemList.html"
                }
            ]
        },
        {
            "id":"WarehouseStore",
            "icon":"ion-gear-a",
            "subNavigationList":[
                {
                    "id":"WarehouseStore",
                    "resourceId":"WarehouseStoreItem",
                    "url":"WarehouseStoreItemList.html"
                },
                {
                    "id":"InboundDelivery",
                    "resourceId":"InboundDelivery",
                    "url":"InboundDeliveryList.html"
                },
                {
                    "id":"InboundItem",
                    "resourceId":"InboundDelivery",
                    "url":"InboundItemList.html"
                },
                {
                    "id":"OutboundDelivery",
                    "resourceId":"OutboundDelivery",
                    "url":"OutboundDeliveryList.html"
                },
                {
                    "id":"OutboundItem",
                    "resourceId":"OutboundDelivery",
                    "url":"OutboundItemList.html"
                }
            ]

        }
    ]
}
