{

    "navigationList":[
        {
            "id":"LogonUser",
            "icon":"md md-location-history",
            "subNavigationList":[
                {
                    "id":"LogonUser",
                    "resourceId":"LogonUser",
                    "url":"LogonUserList.html"
                },
                {
                    "id":"Role",
                    "resourceId":"Role",
                    "url":"RoleList.html"
                },
                {
                    "id":"AuthorizationObject",
                    "resourceId":"AuthorizationObject",
                    "url":"AuthorizationObjectList.html"
                },
                {
                    "id":"AuthorizationGroup",
                    "resourceId":"AuthorizationGroup",
                    "url":"AuthorizationGroupList.html"
                }
            ]
        },
        {
            "id":"SystemConfigureResource",
            "icon":"ion-settings",
            "subNavigationList":[

                {
                    "id":"SystemConfigureResource",
                    "resourceId":"SystemConfigureResource",
                    "url":"SystemConfigureCategoryList.html",
                    "msgNumSuccess":6
                },
                {
                    "id":"SystemCodeValueCollection",
                    "resourceId":"SystemCodeValueCollection",
                    "url":"SystemCodeValueCollectionList.html"
                },
                {
                    "id":"MessageTemplate",
                    "resourceId":"MessageTemplate",
                    "url":"MessageTemplateList.html"
                },
                {
                    "id":"NavigationSystemSetting",
                    "resourceId":"SystemConfigureResource",
                    "url":"NavigationSystemSettingList.html"
                }
            ]
        },
        {
            "id": "ServiceFlowModel",
            "icon": "nmd nmd-playlist-add-check",
            "subNavigationList": [
                {
                    "id":"ServiceFlowModel",
                    "resourceId":"ServiceFlowModel",
                    "url":"ServiceFlowModelList.html"
                },
                {
                    "id":"FlowRouter",
                    "resourceId":"FlowRouter",
                    "url":"FlowRouterList.html"
                },
                {
                    "id":"FlowableTask",
                    "resourceId":"FlowRouter",
                    "url":"FlowableTaskList.html"
                }
            ]
        },
        {
            "id": "ServiceDocumentSetting",
            "icon": "ion-merge",
            "subNavigationList": [

                {
                    "id":"ServiceDocumentSetting",
                    "resourceId":"ServiceDocumentSetting",
                    "url":"ServiceDocumentSettingList.html",
                    "msgNumSuccess":6
                },
                {
                    "id": "SerialNumberSetting",
                    "resourceId": "SystemConfigureResource",
                    "url": "SerialNumberSettingList.html"
                },
                {
                    "id":"PricingSetting",
                    "resourceId":"PricingSetting",
                    "url":"PricingSettingList.html"
                },
                {
                    "id":"WorkCalendar",
                    "resourceId":"WorkCalendar",
                    "url":"WorkCalendarList.html"
                },
                {
                    "id":"CalendarTemplate",
                    "resourceId":"CalendarTemplate",
                    "url":"CalendarTemplateList.html"
                }
            ]
        },
        {
            "id":"ServiceEntityLogModel",
            "icon":"ion-clock",
            "subNavigationList":[
                {
                    "id":"BidInvitationLogModel",
                    "resourceId":"ServiceEntityLogModel",
                    "url":"ServiceEntityLogModelList.html?refSEName=BidInvitationOrder"
                },
                {
                    "id":"InboundDeliveryLogModel",
                    "resourceId":"ServiceEntityLogModel",
                    "url":"ServiceEntityLogModelList.html?refSEName=InboundDelivery"
                },
                {
                    "id":"OutboundDeliveryLogModel",
                    "resourceId":"ServiceEntityLogModel",
                    "url":"ServiceEntityLogModelList.html?refSEName=OutboundDelivery"
                }
            ]
        },
        {
            "id": "Material",
            "icon": "md md-texture",
            "subNavigationList": [
                {
                    "id": "MaterialType",
                    "resourceId":"MaterialType",
                    "url": "MaterialTypeTree.html"
                },
                {
                    "id": "StandardMaterialUnit",
                    "resourceId":"StandardMaterialUnit",
                    "url": "StandardMaterialUnitList.html"
                },
                {
                    "id": "MaterialConfigureTemplate",
                    "resourceId":"MaterialType",
                    "url": "MaterialConfigureTemplateList.html"
                }
            ]
        },
        {
            "id": "FinanceSetting",
            "icon": "md md-attach-money",
            "subNavigationList": [
                {
                    "id": "FinAccount",
                    "resourceId":"FinAccount",
                    "url": "FinAccountList.html"
                },
                {
                    "id": "FinReceipt",
                    "resourceId":"FinAccount",
                    "url": "FinAccountListReceipt.html"
                },
                {
                    "id": "FinVoucher",
                    "resourceId":"FinAccount",
                    "url": "FinAccountListVoucher.html"
                },
                {
                    "id":"FinPayReceiveList",
                    "resourceId":"FinAccount",
                    "url": "AccountObjectList.html"
                },
                {
                    "id": "FinAccountTitle",
                    "resourceId":"FinAccountTitle",
                    "url": "FinAccountTitleList.html"
                },
                {
                    "id": "ResFinSystemResource",
                    "resourceId":"FinAccount",
                    "url": "ResFinSystemResourceList.html"
                }
            ]
        },
        {
            "id":"HostCompany",
            "icon":"fa fa-sitemap",
            "subNavigationList":[
                {
                    "id":"HostCompany",
                    "resourceId":"HostCompany",
                    "url":"HostCompanyList.html"
                },
                {
                    "id":"Organization",
                    "resourceId":"Organization",
                    "url":"OrganizationList.html"
                },
                {
                    "id":"Employee",
                    "resourceId":"Employee",
                    "url":"EmployeeList.html"
                },
                {
                    "id":"Warehouse",
                    "resourceId":"Warehouse",
                    "url":"WarehouseList.html"
                }
            ]
        }
     ]
}
