{

    "template":[

        {
            "resourceId":"saveModuleService",
            "resourceType":"method",
            "location":"editorController",
            "inputParams":[
                {"annotation":"RequestBody","type":"String", "name":"response"}
            ],
            "content":[
                "try {\nserviceBasicUtilityController.preCheckResourceAccessCore(AOID_RESOURCE, ISystemActionCode.ACID_EDIT);\n",
                "LogonUser logonUser = logonActionController.getLogonUser();\n",
                "String organizationUUID = ServiceEntityStringHelper.EMPTYSTRING;\n",
                "Organization organization = logonActionController.getOrganizationByUser(logonUser.getUuid());\n",
                "if (organization != null) {organizationUUID = organization.getUuid();};\n",
                "String {$var(@id)} = {$ServiceUIModel}.{$$pathGetNode}.{$getMethod(@id)};\n",
                "{$ServiceUIModel} = ({$ServiceUIModelClass}) {$serviceEntityManager}.{$updateServiceMethod($serviceEntityManager)}{\n",
                "{$ServiceUIModelClass}, {$ServiceUIModel}, {$ServiceUIModelExtension}, {$ServiceUIModelExtension}.genUIModelExtensionUnion().get(0)}\n",
                "serviceEntityNode -> { String[] results =  {$serviceEntityManager}.genLogIdNameUnion(serviceEntityNode);\n}",
                "return results;\n"
            ]

        },
        {
            "resourceId":"loadModuleEditService",
            "resourceType":"method",
            "location":"editorController",
            "content":[
                "try {\nserviceBasicUtilityController.preCheckResourceAccessCore(AOID_RESOURCE, ISystemActionCode.ACID_EDIT);\n",
                "LogonUser logonUser = logonActionController.getLogonUser();\n",
                "String organizationUUID = ServiceEntityStringHelper.EMPTYSTRING;\n",
                "Organization organization = logonActionController.getOrganizationByUser(logonUser.getUuid());\n",
                "if (organization != null) {organizationUUID = organization.getUuid();};\n",
                "String {$Var(id)} = {$ServiceUIModel}.{$$pathGetNode}.{$getMethod(id)};\n",
                "{$ServiceUIModel} = ({$ServiceUIModelClass}) {$serviceEntityManager}.{$updateServiceMethod($serviceEntityManager)}{\n",
                "{$ServiceUIModelClass}, {$ServiceUIModel}, {$ServiceUIModelExtension}, {$ServiceUIModelExtension}.genUIModelExtensionUnion().get(0)}\n",
                "serviceEntityNode -> { String[] results =  {$serviceEntityManager}.genLogIdNameUnion(serviceEntityNode);\n}",
                "return results;\n"
            ]

        },
        {
            "id":"BidInvitationOrderManage",
            "icon":"ion-android-checkmark",
            "subNavigationList":[
                {
                    "id":"BidInvitationOrder",
                    "url":"BidInvitationOrderList.html"
                },
                {
                    "id":"BidMaterialItem",
                    "url":"BidMaterialItemList.html"
                }
            ]
        },
        {
            "id":"WarehouseStore",
            "icon":"ion-gear-a",
            "subNavigationList":[
                {
                    "id":"WarehouseStore",
                    "url":"WarehouseStoreItemList.html"
                },
                {
                    "id":"InboundDelivery",
                    "url":"InboundDeliveryList.html"
                },
                {
                    "id":"InboundItem",
                    "url":"InboundItemList.html"
                },
                {
                    "id":"OutboundDelivery",
                    "url":"OutboundDeliveryList.html"
                },
                {
                    "id":"OutboundItem",
                    "url":"OutboundItemList.html"
                }
            ]

        }
    ]
}
