{
  "systemConfigure": {
    "globalSystemSwitches": {
    },
    "resources": [
      {
        "salesDistribution": [
        ]
      },
      {
        "logisitics": [
          {
            "inboundDelivery": {
              "scenarioMode": 3,
              "customResourceBundle": false,
              "customResourceBundleURL": ""
            }
          },
          {
            "outboundDelivery": {
              "scenarioMode": 3,
              "customResourceBundle": false,
              "customResourceBundleURL": ""
            }
          }
        ]
      },
      {
        "production": [
        ]
      }
    ]
  }
}
