{
  "d": {
    "results": [
      {
        "__metadata": {
          "uri": "https://flpsandbox-i345149sapdev.dispatcher.int.sap.hana.ondemand.com/sap/fiori/servicerequests/destinations/c4c/sap/byd/odata/v1/c4codata/ServiceRequestCollection('00163E5FAE121EE8B48A4A95B9F8CB1C')",
          "type": "c4codata.ServiceRequest",
          "etag": "W/\"datetimeoffset'2018-10-15T08%3A14%3A30.4969240Z'\""
        },
        "ObjectID": "00163E5FAE121EE8B48A4A95B9F8CB1C",
        "ETag": "\/Date(1539591270496)\/",
        "ChangedBy": "",
        "CustomerMainContactPartyID": "",
        "RequestAssignmentStatusCode": "1",
        "RequestAssignmentStatusCodeText": "Processor Action",
        "CompletedOnDate": null,
        "ActivityServiceIssueCategoryID": "",
        "ApprovalStatusCode": "1",
        "ApprovalStatusCodeText": "Not Started",
        "CauseServiceIssueCategoryID": "",
        "CompletionDueDate": "\/Date(1539734400000)\/",
        "ContractID": "",
        "CreatedBy": "",
        "CreationDate": "\/Date(1539561600000)\/",
        "Customer": "",
        "CustomerID": "",
        "DataOriginTypeCode": "1",
        "DataOriginTypeCodeText": "Manual data entry",
        "ID": "107902",
        "IncidentCategoryName": {
          "__metadata": {
            "type": "c4codata.MEDIUM_Name"
          },
          "content": ""
        },
        "ActivityCategoryName": {
          "__metadata": {
            "type": "c4codata.MEDIUM_Name"
          },
          "content": ""
        },
        "CauseCategoryName": {
          "__metadata": {
            "type": "c4codata.MEDIUM_Name"
          },
          "content": ""
        },
        "IncidentServiceIssueCategoryID": "ZJG_01",
        "InitialReviewDueDate": "\/Date(1539561600000)\/",
        "InstallationPointID": "",
        "InstalledBaseID": "",
        "ItemListServiceRequestExecutionLifeCycleStatusCode": "1",
        "ItemListServiceRequestExecutionLifeCycleStatusCodeText": "Open",
        "LastChangeDate": "\/Date(1539561600000)\/",
        "LastResponseOnDate": null,
        "Name": {
          "__metadata": {
            "type": "c4codata.EXTENDED_Name"
          },
          "languageCode": "EN",
          "content": "hhhhhhhhh"
        },
        "NextResponseDueDate": null,
        "ObjectCategoryName": {
          "__metadata": {
            "type": "c4codata.MEDIUM_Name"
          },
          "content": ""
        },
        "ObjectServiceIssueCategoryID": "",
        "Partner": "",
        "PartnerID": "",
        "ProcessingTypeCode": "SRRQ",
        "ProcessingTypeCodeText": "Service Request",
        "ProductID": "ZGS_01",
        "ReferenceDate": null,
        "ReportedForEmail": "",
        "ReportedForPartyID": "",
        "ReporterEmail": "joey.yang02@SAP.COM",
        "ReporterPartyID": "1022450",
        "RequestedEnd": "2018-10-17T23:00:00Z",
        "RequestedStart": "2018-10-16T23:00:00Z",
        "RoleCode": "8",
        "RoleCodeText": "Service Point",
        "SalesTerritoryID": "",
        "SerialID": "",
        "ServiceCategoryName": {
          "__metadata": {
            "type": "c4codata.MEDIUM_Name"
          },
          "content": ""
        },
        "ServiceIssueCategoryID": "ZJG_01",
        "ServiceLevelAgreement": "",
        "ServicePriorityCode": "1",
        "ServicePriorityCodeText": "Immediate",
        "ServiceRequestClassificationCode": "",
        "ServiceRequestClassificationCodeText": "",
        "ServiceRequestLifeCycleStatusCode": "1",
        "ServiceRequestLifeCycleStatusCodeText": "Open",
        "ServiceTechnician": "",
        "ServiceTechnicianTeam": "",
        "WarrantyDescription": "",
        "WarrantyFrom": null,
        "WarrantyTo": null,
        "ServiceAndSupportTeam": "",
        "ServiceRequestUserLifeCycleStatusCode": "1",
        "ServiceRequestUserLifeCycleStatusCodeText": "Open",
        "AssignedTo": "",
        "EscalationStatus": "1",
        "EscalationStatusText": "Not Escalated",
        "AssignedToName": {
          "__metadata": {
            "type": "c4codata.ENCRYPTED_LONG_Name"
          },
          "languageCode": "",
          "content": ""
        },
        "ProductCategoryDescription": "Software",
        "InitialResponseDate": null,
        "Contact": "",
        "ParentServiceRequest": "",
        "CreationDateTime": "\/Date(1539591267755)\/",
        "LastChangeDateTime": "\/Date(1539591270496)\/",
        "RequestedStartTimeZoneCode": "GMTUK",
        "RequestedStartTimeZoneCodeText": "Greenwich UK with DST",
        "RequestedEndTimeZoneCode": "GMTUK",
        "RequestedEndTimeZoneCodeText": "Greenwich UK with DST",
        "CECTicketID": "",
        "ServiceRequestItem": {
          "__deferred": {
            "uri": "https://flpsandbox-i345149sapdev.dispatcher.int.sap.hana.ondemand.com/sap/fiori/servicerequests/destinations/c4c/sap/byd/odata/v1/c4codata/ServiceRequestCollection('00163E5FAE121EE8B48A4A95B9F8CB1C')/ServiceRequestItem"
          }
        },
        "ServiceRequestAttachmentFolder": [],
        "ServiceRequestBusinessTransactionDocumentReference": {
          "__deferred": {
            "uri": "https://flpsandbox-i345149sapdev.dispatcher.int.sap.hana.ondemand.com/sap/fiori/servicerequests/destinations/c4c/sap/byd/odata/v1/c4codata/ServiceRequestCollection('00163E5FAE121EE8B48A4A95B9F8CB1C')/ServiceRequestBusinessTransactionDocumentReference"
          }
        },
        "ServiceRequestDescription": [
          {
            "__metadata": {
              "uri": "https://flpsandbox-i345149sapdev.dispatcher.int.sap.hana.ondemand.com/sap/fiori/servicerequests/destinations/c4c/sap/byd/odata/v1/c4codata/ServiceRequestDescriptionCollection('00163E5FADE71ED8B48A4AD14FED6738')",
              "type": "c4codata.ServiceRequestDescription",
              "etag": "W/\"datetimeoffset'2018-10-15T08%3A14%3A30.4969240Z'\""
            },
            "AuthorName": "Archana Kumari Kumari",
            "AuthorUUID": "00163E06-551B-1EE7-92B8-DA271C191F8B",
            "CreatedBy": "Technical User YANGJOEY",
            "CreatedOn": "\/Date(1539591270460)\/",
            "ETag": "\/Date(1539591270496)\/",
            "LanguageCode": "",
            "LanguageCodeText": "",
            "LastUpdatedBy": "Technical User YANGJOEY",
            "ObjectID": "00163E5FADE71ED8B48A4AD14FED6738",
            "ParentObjectID": "00163E5FAE121EE8B48A4A95B9F8CB1C",
            "Text": "so funny",
            "TypeCode": "10004",
            "TypeCodeText": "",
            "UpdatedOn": "\/Date(1539591270496)\/"
          }
        ],
        "ServicePointLocationAddress": {
          "__deferred": {
            "uri": "https://flpsandbox-i345149sapdev.dispatcher.int.sap.hana.ondemand.com/sap/fiori/servicerequests/destinations/c4c/sap/byd/odata/v1/c4codata/ServiceRequestCollection('00163E5FAE121EE8B48A4A95B9F8CB1C')/ServicePointLocationAddress"
          }
        },
        "ServiceRequestHistoricalVersion": {
          "__deferred": {
            "uri": "https://flpsandbox-i345149sapdev.dispatcher.int.sap.hana.ondemand.com/sap/fiori/servicerequests/destinations/c4c/sap/byd/odata/v1/c4codata/ServiceRequestCollection('00163E5FAE121EE8B48A4A95B9F8CB1C')/ServiceRequestHistoricalVersion"
          }
        }
      },
      {
        "__metadata": {
          "uri": "https://flpsandbox-i345149sapdev.dispatcher.int.sap.hana.ondemand.com/sap/fiori/servicerequests/destinations/c4c/sap/byd/odata/v1/c4codata/ServiceRequestCollection('00163E5FAE121EE8B488BCC9F2D7C641')",
          "type": "c4codata.ServiceRequest",
          "etag": "W/\"datetimeoffset'2018-10-15T06%3A45%3A33.5719270Z'\""
        },
        "ObjectID": "00163E5FAE121EE8B488BCC9F2D7C641",
        "ETag": "\/Date(1539585933571)\/",
        "ChangedBy": "",
        "CustomerMainContactPartyID": "",
        "RequestAssignmentStatusCode": "1",
        "RequestAssignmentStatusCodeText": "Processor Action",
        "CompletedOnDate": null,
        "ActivityServiceIssueCategoryID": "",
        "ApprovalStatusCode": "1",
        "ApprovalStatusCodeText": "Not Started",
        "CauseServiceIssueCategoryID": "",
        "CompletionDueDate": "\/Date(1540166400000)\/",
        "ContractID": "",
        "CreatedBy": "",
        "CreationDate": "\/Date(1539561600000)\/",
        "Customer": "",
        "CustomerID": "",
        "DataOriginTypeCode": "1",
        "DataOriginTypeCodeText": "Manual data entry",
        "ID": "107901",
        "IncidentCategoryName": {
          "__metadata": {
            "type": "c4codata.MEDIUM_Name"
          },
          "content": ""
        },
        "ActivityCategoryName": {
          "__metadata": {
            "type": "c4codata.MEDIUM_Name"
          },
          "content": ""
        },
        "CauseCategoryName": {
          "__metadata": {
            "type": "c4codata.MEDIUM_Name"
          },
          "content": ""
        },
        "IncidentServiceIssueCategoryID": "ZJG_01",
        "InitialReviewDueDate": "\/Date(1539561600000)\/",
        "InstallationPointID": "",
        "InstalledBaseID": "",
        "ItemListServiceRequestExecutionLifeCycleStatusCode": "1",
        "ItemListServiceRequestExecutionLifeCycleStatusCodeText": "Open",
        "LastChangeDate": "\/Date(1539561600000)\/",
        "LastResponseOnDate": null,
        "Name": {
          "__metadata": {
            "type": "c4codata.EXTENDED_Name"
          },
          "languageCode": "EN",
          "content": "kk"
        },
        "NextResponseDueDate": "\/Date(1539561600000)\/",
        "ObjectCategoryName": {
          "__metadata": {
            "type": "c4codata.MEDIUM_Name"
          },
          "content": ""
        },
        "ObjectServiceIssueCategoryID": "",
        "Partner": "",
        "PartnerID": "",
        "ProcessingTypeCode": "SRRQ",
        "ProcessingTypeCodeText": "Service Request",
        "ProductID": "ZGS_01",
        "ReferenceDate": null,
        "ReportedForEmail": "",
        "ReportedForPartyID": "",
        "ReporterEmail": "joey.yang02@SAP.COM",
        "ReporterPartyID": "1022450",
        "RequestedEnd": "2018-10-17T23:00:00Z",
        "RequestedStart": "2018-10-16T23:00:00Z",
        "RoleCode": "8",
        "RoleCodeText": "Service Point",
        "SalesTerritoryID": "",
        "SerialID": "",
        "ServiceCategoryName": {
          "__metadata": {
            "type": "c4codata.MEDIUM_Name"
          },
          "content": ""
        },
        "ServiceIssueCategoryID": "ZJG_01",
        "ServiceLevelAgreement": "14NOV_IRESP",
        "ServicePriorityCode": "7",
        "ServicePriorityCodeText": "Low",
        "ServiceRequestClassificationCode": "",
        "ServiceRequestClassificationCodeText": "",
        "ServiceRequestLifeCycleStatusCode": "1",
        "ServiceRequestLifeCycleStatusCodeText": "Open",
        "ServiceTechnician": "",
        "ServiceTechnicianTeam": "",
        "WarrantyDescription": "",
        "WarrantyFrom": null,
        "WarrantyTo": null,
        "ServiceAndSupportTeam": "",
        "ServiceRequestUserLifeCycleStatusCode": "1",
        "ServiceRequestUserLifeCycleStatusCodeText": "Open",
        "AssignedTo": "",
        "EscalationStatus": "1",
        "EscalationStatusText": "Not Escalated",
        "AssignedToName": {
          "__metadata": {
            "type": "c4codata.ENCRYPTED_LONG_Name"
          },
          "languageCode": "",
          "content": ""
        },
        "ProductCategoryDescription": "Software",
        "InitialResponseDate": null,
        "Contact": "",
        "ParentServiceRequest": "",
        "CreationDateTime": "\/Date(1539585930876)\/",
        "LastChangeDateTime": "\/Date(1539585933571)\/",
        "RequestedStartTimeZoneCode": "GMTUK",
        "RequestedStartTimeZoneCodeText": "Greenwich UK with DST",
        "RequestedEndTimeZoneCode": "GMTUK",
        "RequestedEndTimeZoneCodeText": "Greenwich UK with DST",
        "CECTicketID": "",
        "ServiceRequestItem": {
          "__deferred": {
            "uri": "https://flpsandbox-i345149sapdev.dispatcher.int.sap.hana.ondemand.com/sap/fiori/servicerequests/destinations/c4c/sap/byd/odata/v1/c4codata/ServiceRequestCollection('00163E5FAE121EE8B488BCC9F2D7C641')/ServiceRequestItem"
          }
        },
        "ServiceRequestAttachmentFolder": [],
        "ServiceRequestBusinessTransactionDocumentReference": {
          "__deferred": {
            "uri": "https://flpsandbox-i345149sapdev.dispatcher.int.sap.hana.ondemand.com/sap/fiori/servicerequests/destinations/c4c/sap/byd/odata/v1/c4codata/ServiceRequestCollection('00163E5FAE121EE8B488BCC9F2D7C641')/ServiceRequestBusinessTransactionDocumentReference"
          }
        },
        "ServiceRequestDescription": [
          {
            "__metadata": {
              "uri": "https://flpsandbox-i345149sapdev.dispatcher.int.sap.hana.ondemand.com/sap/fiori/servicerequests/destinations/c4c/sap/byd/odata/v1/c4codata/ServiceRequestDescriptionCollection('00163E5FAE121EE8B488BD3CA0580641')",
              "type": "c4codata.ServiceRequestDescription",
              "etag": "W/\"datetimeoffset'2018-10-15T06%3A45%3A33.5719270Z'\""
            },
            "AuthorName": "Archana Kumari Kumari",
            "AuthorUUID": "00163E06-551B-1EE7-92B8-DA271C191F8B",
            "CreatedBy": "Technical User YANGJOEY",
            "CreatedOn": "\/Date(1539585933542)\/",
            "ETag": "\/Date(1539585933571)\/",
            "LanguageCode": "",
            "LanguageCodeText": "",
            "LastUpdatedBy": "Technical User YANGJOEY",
            "ObjectID": "00163E5FAE121EE8B488BD3CA0580641",
            "ParentObjectID": "00163E5FAE121EE8B488BCC9F2D7C641",
            "Text": "joihoi",
            "TypeCode": "10004",
            "TypeCodeText": "",
            "UpdatedOn": "\/Date(1539585933571)\/"
          }
        ],
        "ServicePointLocationAddress": {
          "__deferred": {
            "uri": "https://flpsandbox-i345149sapdev.dispatcher.int.sap.hana.ondemand.com/sap/fiori/servicerequests/destinations/c4c/sap/byd/odata/v1/c4codata/ServiceRequestCollection('00163E5FAE121EE8B488BCC9F2D7C641')/ServicePointLocationAddress"
          }
        },
        "ServiceRequestHistoricalVersion": {
          "__deferred": {
            "uri": "https://flpsandbox-i345149sapdev.dispatcher.int.sap.hana.ondemand.com/sap/fiori/servicerequests/destinations/c4c/sap/byd/odata/v1/c4codata/ServiceRequestCollection('00163E5FAE121EE8B488BCC9F2D7C641')/ServiceRequestHistoricalVersion"
          }
        }
      },
      {
        "__metadata": {
          "uri": "https://flpsandbox-i345149sapdev.dispatcher.int.sap.hana.ondemand.com/sap/fiori/servicerequests/destinations/c4c/sap/byd/odata/v1/c4codata/ServiceRequestCollection('00163E5FADF21EE8B4855C9BF7FDAB19')",
          "type": "c4codata.ServiceRequest",
          "etag": "W/\"datetimeoffset'2018-10-15T03%3A33%3A16.3789360Z'\""
        },
        "ObjectID": "00163E5FADF21EE8B4855C9BF7FDAB19",
        "ETag": "\/Date(1539574396378)\/",
        "ChangedBy": "",
        "CustomerMainContactPartyID": "",
        "RequestAssignmentStatusCode": "1",
        "RequestAssignmentStatusCodeText": "Processor Action",
        "CompletedOnDate": null,
        "ActivityServiceIssueCategoryID": "",
        "ApprovalStatusCode": "1",
        "ApprovalStatusCodeText": "Not Started",
        "CauseServiceIssueCategoryID": "",
        "CompletionDueDate": "\/Date(1539734400000)\/",
        "ContractID": "",
        "CreatedBy": "",
        "CreationDate": "\/Date(1539561600000)\/",
        "Customer": "",
        "CustomerID": "",
        "DataOriginTypeCode": "1",
        "DataOriginTypeCodeText": "Manual data entry",
        "ID": "107895",
        "IncidentCategoryName": {
          "__metadata": {
            "type": "c4codata.MEDIUM_Name"
          },
          "content": ""
        },
        "ActivityCategoryName": {
          "__metadata": {
            "type": "c4codata.MEDIUM_Name"
          },
          "content": ""
        },
        "CauseCategoryName": {
          "__metadata": {
            "type": "c4codata.MEDIUM_Name"
          },
          "content": ""
        },
        "IncidentServiceIssueCategoryID": "ZJG_01",
        "InitialReviewDueDate": "\/Date(1539561600000)\/",
        "InstallationPointID": "",
        "InstalledBaseID": "",
        "ItemListServiceRequestExecutionLifeCycleStatusCode": "1",
        "ItemListServiceRequestExecutionLifeCycleStatusCodeText": "Open",
        "LastChangeDate": "\/Date(1539561600000)\/",
        "LastResponseOnDate": null,
        "Name": {
          "__metadata": {
            "type": "c4codata.EXTENDED_Name"
          },
          "languageCode": "EN",
          "content": "haha point"
        },
        "NextResponseDueDate": null,
        "ObjectCategoryName": {
          "__metadata": {
            "type": "c4codata.MEDIUM_Name"
          },
          "content": ""
        },
        "ObjectServiceIssueCategoryID": "",
        "Partner": "",
        "PartnerID": "",
        "ProcessingTypeCode": "SRRQ",
        "ProcessingTypeCodeText": "Service Request",
        "ProductID": "ZGS_01",
        "ReferenceDate": null,
        "ReportedForEmail": "",
        "ReportedForPartyID": "",
        "ReporterEmail": "joey.yang02@SAP.COM",
        "ReporterPartyID": "1022450",
        "RequestedEnd": "2018-10-17T23:00:00Z",
        "RequestedStart": "2018-10-16T23:00:00Z",
        "RoleCode": "8",
        "RoleCodeText": "Service Point",
        "SalesTerritoryID": "",
        "SerialID": "",
        "ServiceCategoryName": {
          "__metadata": {
            "type": "c4codata.MEDIUM_Name"
          },
          "content": ""
        },
        "ServiceIssueCategoryID": "ZJG_01",
        "ServiceLevelAgreement": "",
        "ServicePriorityCode": "1",
        "ServicePriorityCodeText": "Immediate",
        "ServiceRequestClassificationCode": "",
        "ServiceRequestClassificationCodeText": "",
        "ServiceRequestLifeCycleStatusCode": "1",
        "ServiceRequestLifeCycleStatusCodeText": "Open",
        "ServiceTechnician": "",
        "ServiceTechnicianTeam": "",
        "WarrantyDescription": "",
        "WarrantyFrom": null,
        "WarrantyTo": null,
        "ServiceAndSupportTeam": "",
        "ServiceRequestUserLifeCycleStatusCode": "1",
        "ServiceRequestUserLifeCycleStatusCodeText": "Open",
        "AssignedTo": "",
        "EscalationStatus": "1",
        "EscalationStatusText": "Not Escalated",
        "AssignedToName": {
          "__metadata": {
            "type": "c4codata.ENCRYPTED_LONG_Name"
          },
          "languageCode": "",
          "content": ""
        },
        "ProductCategoryDescription": "Software",
        "InitialResponseDate": null,
        "Contact": "",
        "ParentServiceRequest": "",
        "CreationDateTime": "\/Date(1539574329436)\/",
        "LastChangeDateTime": "\/Date(1539574396378)\/",
        "RequestedStartTimeZoneCode": "GMTUK",
        "RequestedStartTimeZoneCodeText": "Greenwich UK with DST",
        "RequestedEndTimeZoneCode": "GMTUK",
        "RequestedEndTimeZoneCodeText": "Greenwich UK with DST",
        "CECTicketID": "",
        "ServiceRequestItem": {
          "__deferred": {
            "uri": "https://flpsandbox-i345149sapdev.dispatcher.int.sap.hana.ondemand.com/sap/fiori/servicerequests/destinations/c4c/sap/byd/odata/v1/c4codata/ServiceRequestCollection('00163E5FADF21EE8B4855C9BF7FDAB19')/ServiceRequestItem"
          }
        },
        "ServiceRequestAttachmentFolder": [],
        "ServiceRequestBusinessTransactionDocumentReference": {
          "__deferred": {
            "uri": "https://flpsandbox-i345149sapdev.dispatcher.int.sap.hana.ondemand.com/sap/fiori/servicerequests/destinations/c4c/sap/byd/odata/v1/c4codata/ServiceRequestCollection('00163E5FADF21EE8B4855C9BF7FDAB19')/ServiceRequestBusinessTransactionDocumentReference"
          }
        },
        "ServiceRequestDescription": [
          {
            "__metadata": {
              "uri": "https://flpsandbox-i345149sapdev.dispatcher.int.sap.hana.ondemand.com/sap/fiori/servicerequests/destinations/c4c/sap/byd/odata/v1/c4codata/ServiceRequestDescriptionCollection('00163E5FADF21EE8B4855CDBBB5D8B19')",
              "type": "c4codata.ServiceRequestDescription",
              "etag": "W/\"datetimeoffset'2018-10-15T03%3A32%3A12.3555750Z'\""
            },
            "AuthorName": "Archana Kumari Kumari",
            "AuthorUUID": "00163E06-551B-1EE7-92B8-DA271C191F8B",
            "CreatedBy": "Technical User YANGJOEY",
            "CreatedOn": "\/Date(1539574332319)\/",
            "ETag": "\/Date(1539574332355)\/",
            "LanguageCode": "",
            "LanguageCodeText": "",
            "LastUpdatedBy": "Technical User YANGJOEY",
            "ObjectID": "00163E5FADF21EE8B4855CDBBB5D8B19",
            "ParentObjectID": "00163E5FADF21EE8B4855C9BF7FDAB19",
            "Text": "sdsadsada",
            "TypeCode": "10004",
            "TypeCodeText": "",
            "UpdatedOn": "\/Date(1539574332355)\/"
          },
          {
            "__metadata": {
              "uri": "https://flpsandbox-i345149sapdev.dispatcher.int.sap.hana.ondemand.com/sap/fiori/servicerequests/destinations/c4c/sap/byd/odata/v1/c4codata/ServiceRequestDescriptionCollection('00163E5FADF21EE8B4856196D87BCB21')",
              "type": "c4codata.ServiceRequestDescription",
              "etag": "W/\"datetimeoffset'2018-10-15T03%3A33%3A16.3789360Z'\""
            },
            "AuthorName": "Archana Kumari Kumari",
            "AuthorUUID": "00163E06-551B-1EE7-92B8-DA271C191F8B",
            "CreatedBy": "Technical User YANGJOEY",
            "CreatedOn": "\/Date(1539574396081)\/",
            "ETag": "\/Date(1539574396378)\/",
            "LanguageCode": "",
            "LanguageCodeText": "",
            "LastUpdatedBy": "Technical User YANGJOEY",
            "ObjectID": "00163E5FADF21EE8B4856196D87BCB21",
            "ParentObjectID": "00163E5FADF21EE8B4855C9BF7FDAB19",
            "Text": "szcsafa",
            "TypeCode": "10008",
            "TypeCodeText": "",
            "UpdatedOn": "\/Date(1539574396378)\/"
          }
        ],
        "ServicePointLocationAddress": {
          "__deferred": {
            "uri": "https://flpsandbox-i345149sapdev.dispatcher.int.sap.hana.ondemand.com/sap/fiori/servicerequests/destinations/c4c/sap/byd/odata/v1/c4codata/ServiceRequestCollection('00163E5FADF21EE8B4855C9BF7FDAB19')/ServicePointLocationAddress"
          }
        },
        "ServiceRequestHistoricalVersion": {
          "__deferred": {
            "uri": "https://flpsandbox-i345149sapdev.dispatcher.int.sap.hana.ondemand.com/sap/fiori/servicerequests/destinations/c4c/sap/byd/odata/v1/c4codata/ServiceRequestCollection('00163E5FADF21EE8B4855C9BF7FDAB19')/ServiceRequestHistoricalVersion"
          }
        }
      },
      {
        "__metadata": {
          "uri": "https://flpsandbox-i345149sapdev.dispatcher.int.sap.hana.ondemand.com/sap/fiori/servicerequests/destinations/c4c/sap/byd/odata/v1/c4codata/ServiceRequestCollection('00163E5FAE0A1EE8B2F12627E6A1DCDC')",
          "type": "c4codata.ServiceRequest",
          "etag": "W/\"datetimeoffset'2018-10-09T06%3A04%3A38.5996510Z'\""
        },
        "ObjectID": "00163E5FAE0A1EE8B2F12627E6A1DCDC",
        "ETag": "\/Date(1539065078599)\/",
        "ChangedBy": "",
        "CustomerMainContactPartyID": "",
        "RequestAssignmentStatusCode": "1",
        "RequestAssignmentStatusCodeText": "Processor Action",
        "CompletedOnDate": null,
        "ActivityServiceIssueCategoryID": "",
        "ApprovalStatusCode": "1",
        "ApprovalStatusCodeText": "Not Started",
        "CauseServiceIssueCategoryID": "",
        "CompletionDueDate": "\/Date(1539216000000)\/",
        "ContractID": "",
        "CreatedBy": "",
        "CreationDate": "\/Date(1539043200000)\/",
        "Customer": "",
        "CustomerID": "",
        "DataOriginTypeCode": "1",
        "DataOriginTypeCodeText": "Manual data entry",
        "ID": "107925",
        "IncidentCategoryName": {
          "__metadata": {
            "type": "c4codata.MEDIUM_Name"
          },
          "content": ""
        },
        "ActivityCategoryName": {
          "__metadata": {
            "type": "c4codata.MEDIUM_Name"
          },
          "content": ""
        },
        "CauseCategoryName": {
          "__metadata": {
            "type": "c4codata.MEDIUM_Name"
          },
          "content": ""
        },
        "IncidentServiceIssueCategoryID": "ZJG_01",
        "InitialReviewDueDate": "\/Date(1539043200000)\/",
        "InstallationPointID": "",
        "InstalledBaseID": "",
        "ItemListServiceRequestExecutionLifeCycleStatusCode": "1",
        "ItemListServiceRequestExecutionLifeCycleStatusCodeText": "Open",
        "LastChangeDate": "\/Date(1539043200000)\/",
        "LastResponseOnDate": null,
        "Name": {
          "__metadata": {
            "type": "c4codata.EXTENDED_Name"
          },
          "languageCode": "EN",
          "content": "joey test"
        },
        "NextResponseDueDate": null,
        "ObjectCategoryName": {
          "__metadata": {
            "type": "c4codata.MEDIUM_Name"
          },
          "content": ""
        },
        "ObjectServiceIssueCategoryID": "",
        "Partner": "",
        "PartnerID": "",
        "ProcessingTypeCode": "SRRQ",
        "ProcessingTypeCodeText": "Service Request",
        "ProductID": "ZGS_01",
        "ReferenceDate": null,
        "ReportedForEmail": "",
        "ReportedForPartyID": "",
        "ReporterEmail": "joey.yang02@SAP.COM",
        "ReporterPartyID": "1022450",
        "RequestedEnd": "2018-10-11T23:00:00Z",
        "RequestedStart": "2018-10-10T23:00:00Z",
        "RoleCode": "8",
        "RoleCodeText": "Service Point",
        "SalesTerritoryID": "",
        "SerialID": "",
        "ServiceCategoryName": {
          "__metadata": {
            "type": "c4codata.MEDIUM_Name"
          },
          "content": ""
        },
        "ServiceIssueCategoryID": "ZJG_01",
        "ServiceLevelAgreement": "",
        "ServicePriorityCode": "1",
        "ServicePriorityCodeText": "Immediate",
        "ServiceRequestClassificationCode": "",
        "ServiceRequestClassificationCodeText": "",
        "ServiceRequestLifeCycleStatusCode": "1",
        "ServiceRequestLifeCycleStatusCodeText": "Open",
        "ServiceTechnician": "",
        "ServiceTechnicianTeam": "",
        "WarrantyDescription": "",
        "WarrantyFrom": null,
        "WarrantyTo": null,
        "ServiceAndSupportTeam": "",
        "ServiceRequestUserLifeCycleStatusCode": "1",
        "ServiceRequestUserLifeCycleStatusCodeText": "Open",
        "AssignedTo": "",
        "EscalationStatus": "1",
        "EscalationStatusText": "Not Escalated",
        "AssignedToName": {
          "__metadata": {
            "type": "c4codata.ENCRYPTED_LONG_Name"
          },
          "languageCode": "",
          "content": ""
        },
        "ProductCategoryDescription": "Software",
        "InitialResponseDate": null,
        "Contact": "",
        "ParentServiceRequest": "",
        "CreationDateTime": "\/Date(1539065075522)\/",
        "LastChangeDateTime": "\/Date(1539065078599)\/",
        "RequestedStartTimeZoneCode": "GMTUK",
        "RequestedStartTimeZoneCodeText": "Greenwich UK with DST",
        "RequestedEndTimeZoneCode": "GMTUK",
        "RequestedEndTimeZoneCodeText": "Greenwich UK with DST",
        "CECTicketID": "",
        "ServiceRequestItem": {
          "__deferred": {
            "uri": "https://flpsandbox-i345149sapdev.dispatcher.int.sap.hana.ondemand.com/sap/fiori/servicerequests/destinations/c4c/sap/byd/odata/v1/c4codata/ServiceRequestCollection('00163E5FAE0A1EE8B2F12627E6A1DCDC')/ServiceRequestItem"
          }
        },
        "ServiceRequestAttachmentFolder": [],
        "ServiceRequestBusinessTransactionDocumentReference": {
          "__deferred": {
            "uri": "https://flpsandbox-i345149sapdev.dispatcher.int.sap.hana.ondemand.com/sap/fiori/servicerequests/destinations/c4c/sap/byd/odata/v1/c4codata/ServiceRequestCollection('00163E5FAE0A1EE8B2F12627E6A1DCDC')/ServiceRequestBusinessTransactionDocumentReference"
          }
        },
        "ServiceRequestDescription": [
          {
            "__metadata": {
              "uri": "https://flpsandbox-i345149sapdev.dispatcher.int.sap.hana.ondemand.com/sap/fiori/servicerequests/destinations/c4c/sap/byd/odata/v1/c4codata/ServiceRequestDescriptionCollection('00163E5FAE121EE8B2F1268036D7C3F9')",
              "type": "c4codata.ServiceRequestDescription",
              "etag": "W/\"datetimeoffset'2018-10-09T06%3A04%3A38.5996510Z'\""
            },
            "AuthorName": "Archana Kumari Kumari",
            "AuthorUUID": "00163E06-551B-1EE7-92B8-DA271C191F8B",
            "CreatedBy": "Technical User YANGJOEY",
            "CreatedOn": "\/Date(1539065078568)\/",
            "ETag": "\/Date(1539065078599)\/",
            "LanguageCode": "",
            "LanguageCodeText": "",
            "LastUpdatedBy": "Technical User YANGJOEY",
            "ObjectID": "00163E5FAE121EE8B2F1268036D7C3F9",
            "ParentObjectID": "00163E5FAE0A1EE8B2F12627E6A1DCDC",
            "Text": "sssss",
            "TypeCode": "10004",
            "TypeCodeText": "",
            "UpdatedOn": "\/Date(1539065078599)\/"
          }
        ],
        "ServicePointLocationAddress": {
          "__deferred": {
            "uri": "https://flpsandbox-i345149sapdev.dispatcher.int.sap.hana.ondemand.com/sap/fiori/servicerequests/destinations/c4c/sap/byd/odata/v1/c4codata/ServiceRequestCollection('00163E5FAE0A1EE8B2F12627E6A1DCDC')/ServicePointLocationAddress"
          }
        },
        "ServiceRequestHistoricalVersion": {
          "__deferred": {
            "uri": "https://flpsandbox-i345149sapdev.dispatcher.int.sap.hana.ondemand.com/sap/fiori/servicerequests/destinations/c4c/sap/byd/odata/v1/c4codata/ServiceRequestCollection('00163E5FAE0A1EE8B2F12627E6A1DCDC')/ServiceRequestHistoricalVersion"
          }
        }
      }
    ]
  }
}